[
    { "time": "11-04-2020", "state": "Wisconsin", "support": "Biden"},
    { "time": "11-11-2020", "state": "Delaware", "support": "Biden"},
    { "time": "11-11-2020", "state": "Wyoming", "support": "Trump"},
    { "time": "11-11-2020", "state": "Oklahoma", "support": "Trump"},
    { "time": "11-12-2020", "state": "Vermont", "support": "Biden"},
    { "time": "11-12-2020", "state": "South Carolina", "support": "Trump"},
    { "time": "11-12-2020", "state": "South Dakota", "support": "Trump"},
    { "time": "11-14-2020", "state": "District of Columbia", "support": "Biden"},
    { "time": "11-15-2020", "state": "North Carolina", "support": "Trump"},
    { "time": "11-16-2020", "state": "Mississippi", "support": "Trump"},
    { "time": "11-17-2020", "state": "Florida", "support": "Trump"},
    { "time": "11-17-2020", "state": "North Dakota", "support": "Trump"},
    { "time": "11-17-2020", "state": "Washington", "support": "Biden"},
    { "time": "11-19-2020", "state": "Montana", "support": "Trump"},
    { "time": "11-20-2020", "state": "Georgia", "support": "Biden"},
    { "time": "11-20-2020", "state": "Kentucky", "support": "Trump"},
    { "time": "11-20-2020", "state": "New Hampshire", "support": "Biden"},
    { "time": "11-22-2020", "state": "Virginia", "support": "Biden"},
    { "time": "11-23-2020", "state": "Alabama", "support": "Trump"},
    { "time": "11-23-2020", "state": "Arizona", "support": "Biden"},
    { "time": "11-24-2020", "state": "Utah", "support": "Trump"},
    { "time": "11-25-2020", "state": "Minnesota", "support": "Biden"},
    { "time": "11-25-2020", "state": "New Mexico", "support": "Biden"},
    { "time": "11-25-2020", "state": "Rhode Island", "support": "Biden"},
    { "time": "11-26-2020", "state": "Indiana", "support": "Trump"},
    { "time": "11-27-2020", "state": "Nevada", "support": "Biden"},
    { "time": "11-27-2020", "state": "Ohio", "support": "Trump"},
    { "time": "11-27-2020", "state": "Texas", "support": "Trump"},
    { "time": "11-28-2020", "state": "Louisiana", "support": "Trump"},
    { "time": "11-28-2020", "state": "Pennsylvania", "support": "Biden"},
    { "time": "11-30-2020", "state": "Arkansas", "support": "Trump"},
    { "time": "11-30-2020", "state": "Connecticut", "support": "Biden"},
    { "time": "11-30-2020", "state": "Michigan", "support": "Biden"},
    { "time": "12-03-2020", "state": "Tennessee", "support": "Trump"},
    { "time": "12-04-2020", "state": "Kansas", "support": "Trump"},
    { "time": "12-04-2020", "state": "New York", "support": "Biden"},
    { "time": "12-05-2020", "state": "California", "support": "Biden"},
    { "time": "12-05-2020", "state": "Iowa", "support": "Trump"},
    { "time": "12-06-2020", "state": "Colorado", "support": "Biden"},
    { "time": "12-06-2020", "state": "Nebraska", "support": "Trump"},
    { "time": "12-06-2020", "state": "Oregon", "support": "Biden"},
    { "time": "12-06-2020", "state": "West Virginia", "support": "Trump"},
    { "time": "12-07-2020", "state": "New Jersey", "support": "Biden"},
    { "time": "12-08-2020", "state": "Maryland", "support": "Biden"},
    { "time": "12-09-2020", "state": "Maine", "support": "Biden"},
    { "time": "12-10-2020", "state": "Missouri", "support": "Trump"},
    { "time": "12-11-2020", "state": "Massachusetts", "support": "Biden"},
    { "time": "01-04-2021", "state": "Illinois", "support": "Biden"},
    { "time": "01-05-2021", "state": "Idaho", "support": "Trump"}
]
