[{
    "time": "1991",
    "country": "World",
    "female": 6.01,
    "male": 5.39
}, {
    "time": "1991",
    "country": "Japan",
    "female": 2.21,
    "male": 2.01
}, {
    "time": "1991",
    "country": "France",
    "female": 11.67,
    "male": 7.20
}, {
    "time": "1991",
    "country": "China",
    "female": 4.54,
    "male": 5.18
}, {
    "time": "1991",
    "country": "Canada",
    "female": 9.69,
    "male": 10.82
}, {
    "time": "1992",
    "country": "World",
    "female": 5.90,
    "male": 5.34
}, {
    "time": "1992",
    "country": "Japan",
    "female": 2.24,
    "male": 2.10
}, {
    "time": "1992",
    "country": "France",
    "female": 12.90,
    "male": 8.13
}, {
    "time": "1992",
    "country": "China",
    "female": 4.03,
    "male": 4.67
}, {
    "time": "1992",
    "country": "Canada",
    "female": 10.19,
    "male": 12.01
}, {
    "time": "1993",
    "country": "World",
    "female": 6.01,
    "male": 5.45
}, {
    "time": "1993",
    "country": "Japan",
    "female": 2.65,
    "male": 2.41
}, {
    "time": "1993",
    "country": "France",
    "female": 13.45,
    "male": 9.64
}, {
    "time": "1993",
    "country": "China",
    "female": 3.95,
    "male": 4.63
}, {
    "time": "1993",
    "country": "Canada",
    "female": 10.67,
    "male": 11.94
}, {
    "time": "1994",
    "country": "World",
    "female": 6.18,
    "male": 5.52
}, {
    "time": "1994",
    "country": "Japan",
    "female": 2.97,
    "male": 2.83
}, {
    "time": "1994",
    "country": "France",
    "female": 14.52,
    "male": 11.05
}, {
    "time": "1994",
    "country": "China",
    "female": 3.94,
    "male": 4.66
}, {
    "time": "1994",
    "country": "Canada",
    "female": 9.79,
    "male": 10.88
}, {
    "time": "1995",
    "country": "World",
    "female": 6.36,
    "male": 5.62
}, {
    "time": "1995",
    "country": "Japan",
    "female": 3.22,
    "male": 3.10
}, {
    "time": "1995",
    "country": "France",
    "female": 14.11,
    "male": 10.02
}, {
    "time": "1995",
    "country": "China",
    "female": 4.12,
    "male": 4.91
}, {
    "time": "1995",
    "country": "Canada",
    "female": 9.11,
    "male": 9.80
}, {
    "time": "1996",
    "country": "World",
    "female": 6.45,
    "male": 5.67
}, {
    "time": "1996",
    "country": "Japan",
    "female": 3.34,
    "male": 3.35
}, {
    "time": "1996",
    "country": "France",
    "female": 14.54,
    "male": 10.62
}, {
    "time": "1996",
    "country": "China",
    "female": 4.13,
    "male": 4.96
}, {
    "time": "1996",
    "country": "Canada",
    "female": 9.29,
    "male": 9.89
}, {
    "time": "1997",
    "country": "World",
    "female": 6.54,
    "male": 5.74
}, {
    "time": "1997",
    "country": "Japan",
    "female": 3.44,
    "male": 3.35
}, {
    "time": "1997",
    "country": "France",
    "female": 14.46,
    "male": 11.04
}, {
    "time": "1997",
    "country": "China",
    "female": 4.12,
    "male": 4.98
}, {
    "time": "1997",
    "country": "Canada",
    "female": 8.91,
    "male": 9.24
}, {
    "time": "1998",
    "country": "World",
    "female": 6.76,
    "male": 5.93
}, {
    "time": "1998",
    "country": "Japan",
    "female": 4.01,
    "male": 4.17
}, {
    "time": "1998",
    "country": "France",
    "female": 14.15,
    "male": 10.38
}, {
    "time": "1998",
    "country": "China",
    "female": 4.22,
    "male": 5.14
}, {
    "time": "1998",
    "country": "Canada",
    "female": 7.99,
    "male": 8.52
}, {
    "time": "1999",
    "country": "World",
    "female": 6.82,
    "male": 6.04
}, {
    "time": "1999",
    "country": "Japan",
    "female": 4.46,
    "male": 4.82
}, {
    "time": "1999",
    "country": "France",
    "female": 13.94,
    "male": 10.38
}, {
    "time": "1999",
    "country": "China",
    "female": 4.18,
    "male": 5.11
}, {
    "time": "1999",
    "country": "Canada",
    "female": 7.28,
    "male": 7.82
}, {
    "time": "2000",
    "country": "World",
    "female": 6.57,
    "male": 5.90
}, {
    "time": "2000",
    "country": "Japan",
    "female": 4.48,
    "male": 4.89
}, {
    "time": "2000",
    "country": "France",
    "female": 12.23,
    "male": 8.56
}, {
    "time": "2000",
    "country": "China",
    "female": 4.02,
    "male": 4.94
}, {
    "time": "2000",
    "country": "Canada",
    "female": 6.69,
    "male": 6.94
}, {
    "time": "2001",
    "country": "World",
    "female": 6.50,
    "male": 5.87
}, {
    "time": "2001",
    "country": "Japan",
    "female": 4.74,
    "male": 5.23
}, {
    "time": "2001",
    "country": "France",
    "female": 10.54,
    "male": 7.02
}, {
    "time": "2001",
    "country": "China",
    "female": 4.01,
    "male": 4.94
}, {
    "time": "2001",
    "country": "Canada",
    "female": 6.85,
    "male": 7.52
}, {
    "time": "2002",
    "country": "World",
    "female": 6.57,
    "male": 5.95
}, {
    "time": "2002",
    "country": "Japan",
    "female": 5.11,
    "male": 5.53
}, {
    "time": "2002",
    "country": "France",
    "female": 9.81,
    "male": 7.78
}, {
    "time": "2002",
    "country": "China",
    "female": 3.90,
    "male": 4.81
}, {
    "time": "2002",
    "country": "Canada",
    "female": 7.11,
    "male": 8.12
}, {
    "time": "2003",
    "country": "World",
    "female": 6.56,
    "male": 5.87
}, {
    "time": "2003",
    "country": "Japan",
    "female": 4.93,
    "male": 5.46
}, {
    "time": "2003",
    "country": "France",
    "female": 9.14,
    "male": 7.61
}, {
    "time": "2003",
    "country": "China",
    "female": 3.81,
    "male": 4.69
}, {
    "time": "2003",
    "country": "Canada",
    "female": 7.15,
    "male": 7.93
}, {
    "time": "2004",
    "country": "World",
    "female": 6.51,
    "male": 5.68
}, {
    "time": "2004",
    "country": "Japan",
    "female": 4.41,
    "male": 4.91
}, {
    "time": "2004",
    "country": "France",
    "female": 9.89,
    "male": 8.08
}, {
    "time": "2004",
    "country": "China",
    "female": 3.80,
    "male": 4.70
}, {
    "time": "2004",
    "country": "Canada",
    "female": 6.85,
    "male": 7.48
}, {
    "time": "2005",
    "country": "World",
    "female": 6.44,
    "male": 5.52
}, {
    "time": "2005",
    "country": "Japan",
    "female": 4.21,
    "male": 4.56
}, {
    "time": "2005",
    "country": "France",
    "female": 9.27,
    "male": 7.82
}, {
    "time": "2005",
    "country": "China",
    "female": 3.65,
    "male": 4.53
}, {
    "time": "2005",
    "country": "Canada",
    "female": 6.46,
    "male": 7.02
}, {
    "time": "2006",
    "country": "World",
    "female": 6.12,
    "male": 5.21
}, {
    "time": "2006",
    "country": "Japan",
    "female": 3.87,
    "male": 4.31
}, {
    "time": "2006",
    "country": "France",
    "female": 9.12,
    "male": 7.87
}, {
    "time": "2006",
    "country": "China",
    "female": 3.53,
    "male": 4.37
}, {
    "time": "2006",
    "country": "Canada",
    "female": 6.09,
    "male": 6.52
}]