[{
    "time": "1991",
    "type": "marriage",
    "rate": 5.76
}, {
    "time": "1991",
    "type": "divorce",
    "rate": 1.79
}, {
    "time": "1992",
    "type": "marriage",
    "rate": 5.63
}, {
    "time": "1992",
    "type": "divorce",
    "rate": 1.74
}, {
    "time": "1993",
    "type": "marriage",
    "rate": 5.58
}, {
    "time": "1993",
    "type": "divorce",
    "rate": 1.97
}, {
    "time": "1994",
    "type": "marriage",
    "rate": 5.42
}, {
    "time": "1994",
    "type": "divorce",
    "rate": 2.08
}, {
    "time": "1995",
    "type": "marriage",
    "rate": 5.3
}, {
    "time": "1995",
    "type": "divorce",
    "rate": 2.13
}, {
    "time": "1996",
    "type": "marriage",
    "rate": 5.25
}, {
    "time": "1996",
    "type": "divorce",
    "rate": 2.17
}, {
    "time": "1997",
    "type": "marriage",
    "rate": 5.22
}, {
    "time": "1997",
    "type": "divorce",
    "rate": 2.32
}, {
    "time": "1998",
    "type": "marriage",
    "rate": 5.20
}, {
    "time": "1998",
    "type": "divorce",
    "rate": 2.36
}, {
    "time": "1999",
    "type": "marriage",
    "rate": 5.27
}, {
    "time": "1999",
    "type": "divorce",
    "rate": 2.31
}, {
    "time": "2000",
    "type": "marriage",
    "rate": 5.17
}, {
    "time": "2000",
    "type": "divorce",
    "rate": 2.47
}, {
    "time": "2001",
    "type": "marriage",
    "rate": 4.78
}, {
    "time": "2001",
    "type": "divorce",
    "rate": 2.49
}, {
    "time": "2002",
    "type": "marriage",
    "rate": 4.65
}, {
    "time": "2002",
    "type": "divorce",
    "rate": 2.53
},  {
    "time": "2003",
    "type": "marriage",
    "rate": 4.61
}, {
    "time": "2003",
    "type": "divorce",
    "rate": 2.66
},  {
    "time": "2004",
    "type": "marriage",
    "rate": 4.80
},  {
    "time": "2004",
    "type": "divorce",
    "rate": 2.69
}, {
    "time": "2005",
    "type": "marriage",
    "rate": 4.74
},  {
    "time": "2005",
    "type": "divorce",
    "rate": 2.47
}, {
    "time": "2006",
    "type": "marriage",
    "rate": 4.56
},  {
    "time": "2006",
    "type": "divorce",
    "rate": 2.30
}, {
    "time": "2007",
    "type": "marriage",
    "rate": 4.53
},  {
    "time": "2007",
    "type": "divorce",
    "rate": 2.32
}, {
    "time": "2008",
    "type": "marriage",
    "rate": 4.65
},  {
    "time": "2008",
    "type": "divorce",
    "rate": 2.36
}, {
    "time": "2009",
    "type": "marriage",
    "rate": 4.62
},  {
    "time": "2009",
    "type": "divorce",
    "rate": 2.38
}, {
    "time": "2010",
    "type": "marriage",
    "rate": 4.70
}, {
    "time": "2010",
    "type": "divorce",
    "rate": 2.39
}]